[
    {
		"Id":"1",
        "EP_Account__c": "",
        "EP_Bank_Account_No__c": "999888",
        "EP_Bank_Name__c": "Mock Bank1",
        "EP_Bank_Name_2__c": "Mock Bank1",
        "EP_City__c": "Mock Bank City",
        "EP_PostCode__c": "64564",
        "EP_Bank_Branch_No__c": "Branch355",
        "EP_Transit_No__c": "",
        "EP_Bank_Account_Status__c": "Active",
		"EP_IBAN__c": "1234 5678 91234",
		"EP_Swift_Code__c": "12345657833"
    },
	    {
		"Id":"2",
        "EP_Account__c": "",
        "EP_Bank_Account_No__c": "546456456",
        "EP_Bank_Name__c": "Mock Bank2",
        "EP_Bank_Name_2__c": "Mock Bank2",
        "EP_City__c": "Mock Bank City",
        "EP_PostCode__c": "245464",
        "EP_Bank_Branch_No__c": "Branch23",
        "EP_Transit_No__c": "",
        "EP_Bank_Account_Status__c": "Active",
		"EP_IBAN__c": "1234 5678 546456",
		"EP_Swift_Code__c": "12345657822"
    },
	    {
		"Id":"3",
        "EP_Account__c": "",
        "EP_Bank_Account_No__c": "12412423",
        "EP_Bank_Name__c": "Mock Bank3",
        "EP_Bank_Name_2__c": "Mock Bank3",
        "EP_City__c": "Mock Bank City",
        "EP_PostCode__c": "312412321",
        "EP_Bank_Branch_No__c": "Branch45",
        "EP_Transit_No__c": "",
        "EP_Bank_Account_Status__c": "Active",
		"EP_IBAN__c": "1234 5678 456456",
		"EP_Swift_Code__c": "12345657811"
    }
]