[
	{
		"record": {
			//"Id": "0018E00000CGGXaQAT",
			"Name": "Contactus",
			//"ParentId": "0018E00000CGDu5QAH",
			"BillingAddress": {
			"ShippingStreet": "Centro Internacional de Mercadeo",
			"ShippingStreet1": "Torre 1 #100, Carr. 165, Suite 804 ",
			"ShippingCity": "Guaynabo",
			"ShippingState": "QLD",
			"ShippingCountry": "AU",
			"ShippingPostalCode": "4326"
			},			
			"EP_Status__c": "05-Inactive",
			"EP_Email": "carlosm.jones@gmail.com",
			"EP_Phone": "(555) 555 - 555",
			"EP_Company": "PUMA ENERGY CARIBE, LLC",
			"EP_ContactName": "Carlos Jones",
			"EP_Designation": "Assistant Manager",
		},
		"tanks" : [],
		"missingTankDipDates" : []
	}
]