[
	{
		"record": {
			"Id": "0018E00000CGDv8QAH",
			"Name": "Amberley",
			"AccountNumber": "AU00000006",
			"RecordType": {
				"DeveloperName": "EP_Non_VMI_Ship_To"
			},
			"ParentId": "0018E00000CGDu5QAH",
			"EP_Ship_To_Current_Date_Time__c": "2016-05-05T13:03:37.801Z",
			"EP_Billing_Method__c": null,
			"EP_Payment_Term_Name__c": null,
			"EP_Billing_Frequency__c": null,
			"EP_Ship_To_Type__c": "Non-Consignment",
			"EP_Delivery_Type__c": null,
			"ShippingAddress": {
				"street": "690 Calle Cato Gonzales Hato Loren Ipsum Dolor Sit Amet Del Piero Diego Amigo",
				"city": "WILLOWBANK",
				"state": "QLD",
				"country": "AU",
				"postalCode": "4306"
			},
			"EP_Ship_To_Opening_Days__c": "Monday; Tuesday; Wednesday; Thursday; Friday",
			"EP_Status__c": "03-Active",
			"EP_Reason_Blocked__c": "None",
			"EP_Pumps__c": 5,
			"EP_Number_of_Hoses__c": 2,
			"EP_Tank_Dip_Entry_Mode__c": "Automatic Dip Entry"
		},
		"tanks" : [],
		"missingTankDipDates" : []
	},
	{
		"record": {
			"Id": "0018E00000CGGXaQAP",
			"Name": "Chamberley",
			"AccountNumber": "AU00000011",
			"RecordType": {
				"DeveloperName": "EP_VMI_Ship_To"
			},
			"ParentId": "0018E00000CGDu5QAH",
			"EP_Ship_To_Current_Date_Time__c": "2016-05-05T11:03:37.801Z",
			"EP_Billing_Method__c": null,
			"EP_Payment_Term_Name__c": null,
			"EP_Billing_Frequency__c": null,
			"EP_Ship_To_Type__c": "Non-Consignment",
			"EP_Delivery_Type__c": null,
			"ShippingAddress": {
				"street": "2708 CUNNINGHAM HIGHWAY",
				"city": "WILLOWBANK",
				"state": "QLD",
				"country": "AU",
				"postalCode": "4306"
			},
			"EP_Ship_To_Opening_Days__c": "Monday; Tuesday; Wednesday; Thursday",
			"EP_Status__c": "05-Inactive",
			"EP_Reason_Blocked__c": "Credit Failed",
			"EP_Pumps__c": 4,
			"EP_Number_of_Hoses__c": 1,
			"EP_Tank_Dip_Entry_Mode__c": "Portal Dip Entry"
		},
		"tanks" : [],
		"missingTankDipDates" : []
	},
	{
		"record": {
			"Id": "0018E00000CGGXaQAT",
			"Name": "Detroit",
			"AccountNumber": "AU00000018",
			"RecordType": {
				"DeveloperName": "EP_Non_VMI_Ship_To"
			},
			"ParentId": "0018E00000CGDu5QAH",
			"EP_Ship_To_Current_Date_Time__c": "2016-05-05T16:03:37.801Z",
			"EP_Billing_Method__c": null,
			"EP_Payment_Term_Name__c": null,
			"EP_Billing_Frequency__c": null,
			"EP_Ship_To_Type__c": "Non-Consignment",
			"EP_Delivery_Type__c": null,
			"ShippingAddress": {
				"street": "2708 CUNNINGHAM HIGHWAY",
				"city": "WILLOWBANK",
				"state": "QLD",
				"country": "AU",
				"postalCode": "4567"
			},
			"EP_Ship_To_Opening_Days__c": "Monday; Tuesday; Wednesday; Thursday",
			"EP_Status__c": "05-Inactive",
			"EP_Reason_Blocked__c": "Credit Failed",
			"EP_Pumps__c": 3,
			"EP_Number_of_Hoses__c": 0,
			"EP_Tank_Dip_Entry_Mode__c": "Portal Dip Entry"
		},
		"tanks" : [],
		"missingTankDipDates" : []
	}
]