[
	{
		"Id": "0018E00000CGDu5QAH",
		"Name": "Sell To:Amberley",
		"AccountNumber": "AU00000002",
		"RecordType": {
			"DeveloperName": "EP_Sell_To"
		},
		"ParentId": null,
		"EP_Billing_Method__c": "Per Order",
		"EP_Payment_Term_Name__c": "Prepayment",
		"EP_Billing_Frequency__c": null,
		"EP_Ship_To_Type__c": null,
		"EP_Delivery_Type__c": "Delivery",
		"BillingAddress": {
			"street": "2708 CUNNINGHAM HIGHWAY",
			"city": "WILLOWBANK",
			"state": "QLD",
			"country": "AU",
			"postalCode": "4306"
		},
		"EP_Company_Tax_Number": "6657838",
		"EP_Mobile_Phone":"+905557776655",
		"EP_Email__c": "mock@test.com",
		"EP_Status__c": "03-Active",
		"EP_Reason_Blocked__c": "None",
		"EP_Payment_Method__c": "Credit Cards",
		"Website": "mockcomp@hotmail.com",
		"Phone": "+902167776655",
		"Fax":"+90111222333"
	},
	{
		"Id": "0018E00000CIJElQAP",
		"Name": "Staritsky SELLTO4 Ex-Rack With Sites",
		"AccountNumber": "AU00000016",
		"RecordType": {
			"DeveloperName": "EP_Sell_To"
		},
		"ParentId": null,
		"EP_Billing_Method__c": "Per Order",
		"EP_Payment_Term_Name__c": "Last Day of Month",
		"EP_Billing_Frequency__c": null,
		"EP_Ship_To_Type__c": null,
		"EP_Delivery_Type__c": "Ex-Rack",
		"BillingAddress": {
			"street": "Thornhill, Dumfries",
			"city": "Galloway",
			"state": "London",
			"country": "UK",
			"postalCode": "1544"
		},
		"EP_Company_Tax_Number": "6657838",
		"EP_Mobile_Phone":"+905557776655",
		"EP_Email__c": "mock@test.com",
		"EP_Status__c": "03-Active",
		"EP_Reason_Blocked__c": "None",
		"EP_Payment_Method__c": "Credit Cards",
		"Website": "mockcomp.hotmail.com",
		"Phone": "+902167776655",
		"Fax":"+90111222333"
	},
	{
		"Id": "0018E00000CIJDSQA5",
		"Name": "Staritsky SELLTO3 Delivery With Sites",
		"AccountNumber": "AU00000015",
		"RecordType": {
			"DeveloperName": "EP_Sell_To"
		},
		"ParentId": null,
		"EP_Billing_Method__c": "Per Order",
		"EP_Payment_Term_Name__c": "Last Day of Month",
		"EP_Billing_Frequency__c": null,
		"EP_Ship_To_Type__c": null,
		"EP_Delivery_Type__c": "Delivery",
		"BillingAddress": {
			"street": "CONNEL HIGHWAY",
			"city": "NEWPORT",
			"state": "NEWPORT",
			"country": "UK",
			"postalCode": "DG3 4JE"
		},
		"EP_Company_Tax_Number": "6657838",
		"EP_Mobile_Phone":"+905557776655",
		"EP_Email__c": "mock@test.com",
		"EP_Status__c": "03-Active",
		"EP_Reason_Blocked__c": "None",
		"EP_Payment_Method__c": "Direct Debit",
		"Website": "mockcomp.hotmail.com",
		"Phone": "+902167776655",
		"Fax":"+90111222333"
	},
	{
		"Id": "0018E00000CIJ0QQAX",
		"Name": "Staritsky SELLTO1 Delivery No Sites",
		"AccountNumber": "AU00000013",
		"RecordType": {
			"DeveloperName": "EP_Sell_To"
		},
		"ParentId": null,
		"EP_Billing_Method__c": "Periodic",
		"EP_Payment_Term_Name__c": "Last Day of Month",
		"EP_Billing_Frequency__c": "Monthly",
		"EP_Ship_To_Type__c": null,
		"EP_Delivery_Type__c": "Delivery",
		"BillingAddress": {
			"street": "Schoolhouse Ct",
			"city": "London",
			"state": "Lanark ML11 8FE",
			"country": "UK",
			"postalCode": "NW1 6NT"
		},
		"EP_Company_Tax_Number": "6657838",
		"EP_Mobile_Phone":"+905557776655",
		"EP_Email__c": "mock@test.com",
		"EP_Status__c": "03-Active",
		"EP_Reason_Blocked__c": "None",
		"EP_Payment_Method__c": "Direct Debit",
		"Website": "mockcomp.hotmail.com",
		"Phone": "+902167776655",
		"Fax":"+90111222333"
	},
	{
		"Id": "0018E00000CIJ83QAH",
		"Name": "Staritsky SELLTO2 Ex-Rack  No Sites",
		"AccountNumber": "AU00000014",
		"RecordType": {
			"DeveloperName": "EP_Sell_To"
		},
		"ParentId": null,
		"EP_Billing_Method__c": "Per Order",
		"EP_Payment_Term_Name__c": "Last Day of Month",
		"EP_Billing_Frequency__c": null,
		"EP_Ship_To_Type__c": null,
		"EP_Delivery_Type__c": "Ex-Rack",
		"BillingAddress": {
			"street": "Murton",
			"city": "London",
			"state": " Appleby-in-Westmorland",
			"country": "United Kingdom",
			"postalCode": "CA16 6NF"
		},
		"EP_Company_Tax_Number": "6657838",
		"EP_Mobile_Phone":"+905557776655",
		"EP_Email__c": "mock@test.com",
		"EP_Status__c": "03-Active",
		"EP_Reason_Blocked__c": "None",
		"EP_Payment_Method__c": "Direct Debit",
		"Website": "mockcomp.hotmail.com",
		"Phone": "+902167776655",
		"Fax":"+90111222333"
	}
]