[
	{
		"PaymentNumber": "P1234567890",
		"PaymentDate": "2016-05-06T17:00:00.000Z",
		"PaymentAmount": 106456.0
	},
	{
		"PaymentNumber": "P1234567891",
		"PaymentDate": "2016-05-07T17:00:00.000Z",
		"PaymentAmount": 75000.0
	},
	{
		"PaymentNumber": "P1234567892",
		"PaymentDate": "2016-05-08T17:00:00.000Z",
		"PaymentAmount": 95221.0
	},
	{
		"PaymentNumber": "P1234567893",
		"PaymentDate": "2016-05-11T17:00:00.000Z",
		"PaymentAmount": 106446.0
	},
	{
		"PaymentNumber": "P1234567894",
		"PaymentDate": "2016-05-12T17:00:00.000Z",
		"PaymentAmount": 103456.0
	}
]