{
	"Ex-Rack": {
		"Prepayment": {
			"Ordered": {
				"Your order has been submitted but is awaiting payment": {
					"type": "step"
				},
				"Your order has been submitted but is pending price confirmation": {
					"type": "step"
				},
				"Your order has been released successfully for scheduling": {
					"type": "step"
				},
				"Your order has been released successfully for loading": {
					"type": "step"
				}
			},
			"Scheduled": {
				"The pickup window for your order is currently being assigned": {
					"type": "step"
				},
				"Your order is scheduled for pick up on {{etaDate}} between 08:0009:00 AM": {
					"type": "step"
				}
			},
			"Loaded": {
				"Your order was loaded on {{etaDate}} at 02:00 PM": {
					"type": "step"
				}
			},
			"Invoiced": {
				"Your order has been invoiced  please see invoice No. I3242334": {
					"type": "step"
				}
			},
			"Cancelled": {
				"You have decided to cancel your order": {
					"type": "error"
				}
			},
			"Declined": {
				"Your order has been declined": {
					"type": "error"
				}
			}
		},
		"Postpayment": {
			"Ordered": {
				"Your order has been submitted but is blocked as you have exceeded the credit limit": {
					"type": "alert"
				},
				"Your order has been submitted but is blocked as there are past due invoices in your account": {
					"type": "alert"
				},
				"Your order has been submitted but is blocked as you have exceeded the credit limit and there are past due invoices in your account": {
					"type": "alert"
				},
				"Your order has been submitted but is pending price confirmation": {
					"type": "step"
				},
				"Your order has been released successfully for scheduling": {
					"type": "step"
				},
				"Your order has been released successfully for loading": {
					"type": "step"
				}
			},
			"Scheduled": {
				"The pickup window for your order is currently being assigned": {
					"type": "step"
				},
				"Your order is scheduled for pick up on {{etaDate}} between 07:0008:00 AM": {
					"type": "step"
				}
			},
			"Loaded": {
				"Your order was loaded on {{etaDate}} at 02:00 PM": {
					"type": "step"
				}
			},
			"Invoiced": {
				"Your order has been invoiced  please see invoice No. I3242334": {
					"type": "step"
				}
			},
			"Cancelled": {
				"You have decided to cancel your order": {
					"type": "error"
				}
			},
			"Declined": {
				"Your order has been declined": {
					"type": "error"
				}
			}
		}
	},
	"Delivery": {
		"Prepayment": {
			"Ordered": {
				"Your order has been submitted but is awaiting payment": {
					"type": "step"
				},
				"Your order has been submitted but is pending price confirmation": {
					"type": "step"
				},
				"Your order has been released successfully for scheduling": {
					"type": "step"
				}
			},
			"Scheduled": {
				"Your order is currently being scheduled": {
					"type": "step"
				},
				"Your order is scheduled for delivery on on {{etaDate}} between 08:0009:00 AM": {
					"type": "step"
				}
			},
			"Loaded": {
				"Your order was loaded on {{etaDate}} at 02:00 PM and is in transit": {
					"type": "step"
				}
			},
			"Delivered": {
				"Your order was delivered on {{etaDate}} at 09:00 AM": {
					"type": "step"
				}
			},
			"Invoiced": {
				"Your order has been invoiced  please see invoice No. I3242334": {
					"type": "step"
				}
			},
			"Cancelled": {
				"You have decided to cancel your order": {
					"type": "error"
				}
			},
			"Declined": {
				"Your order has been declined": {
					"type": "error"
				}
			}
		},
		"Postpayment": {
			"Ordered": {
				"Your order has been submitted but is blocked as you have exceeded the credit limit": {
					"type": "alert"
				},
				"Your order has been submitted but is blocked as there are past due invoices in your account": {
					"type": "alert"
				},
				"Your order has been submitted but is blocked as you have exceeded the credit limit and there are past due invoices in your account": {
					"type": "alert"
				},
				"Your order has been submitted but is pending price confirmation": {
					"type": "step"
				},
				"Your order has been released successfully for scheduling": {
					"type": "step"
				}
			},
			"Scheduled": {
				"Your order is currently being scheduled": {
					"type": "step"
				},
				"Your order is scheduled for delivery on on {{etaDate}} between 08:0009:00 AM": {
					"type": "step"
				}
			},
			"Loaded": {
				"Your order was loaded on {{etaDate}} at 02:00 PM and is in transit": {
					"type": "step"
				}
			},
			"Delivered": {
				"Your order was delivered on {{etaDate}} at 09:00 AM": {
					"type": "step"
				}
			},
			"Invoiced": {
				"Your order has been invoiced  please see invoice No. I3242334": {
					"type": "step"
				}
			},
			"Cancelled": {
				"You have decided to cancel your order": {
					"type": "error"
				}
			},
			"Declined": {
				"Your order has been declined": {
					"type": "error"
				}
			}
		}
	}
}

 
