[
	{
		"Id": "TN-01089",
		"Name": "TANK1",
		"EP_Tank_Code__c": "Tank001",
		"EP_Tank_Alias__c": "TNK01",
		"EP_Capacity__c": 40000,
		"EP_Safe_Fill_Level__c": 40000,
		"EP_Deadstock__c": 642,
		"EP_Last_Dip_Reading__c": 22586,
		"EP_Product__r": {
			"Id": "1234",
			"Name": "REGULAR",
			"EP_Product_Colour__c": "#4eb03c",
			"EP_Short_Name__c": "REG",
			"EP_Unit_of_Measure__c": "LT"
		},
		"EP_Last_Dip_Reading_Date__c": "2016-04-15T13:03:37.801Z",
		"EP_Tank_Status__c": "Stopped",
		"EP_Tank_Missing_Dip_For_Today__c": true
	},
		{
		"Id": "TN-01090",
		"Name": "TANK2",
		"EP_Tank_Code__c": "Tank002",
		"EP_Tank_Alias__c": "TNK02",
		"EP_Capacity__c": 30000,
		"EP_Safe_Fill_Level__c": 30000,
		"EP_Deadstock__c": 642,
		"EP_Last_Dip_Reading__c": 24586,
		"EP_Product__r": {
			"Id": "1235",
			"Name": "DIESEL",
			"EP_Product_Colour__c": "#418c33",
			"EP_Short_Name__c": "DIE",
			"EP_Unit_of_Measure__c": "CM"
		},
		"EP_Last_Dip_Reading_Date__c": "2016-04-15T13:03:37.801Z",
		"EP_Tank_Status__c": "Operational",
		"EP_Tank_Missing_Dip_For_Today__c": true
	},
		{
		"Id": "TN-01091",
		"Name": "TANK3",
		"EP_Tank_Code__c": "Tank003",
		"EP_Tank_Alias__c": "TNK03",
		"EP_Capacity__c": 35000,
		"EP_Safe_Fill_Level__c": 35000,
		"EP_Deadstock__c": 642,
		"EP_Last_Dip_Reading__c": 12000,
		"EP_Product__r": {
			"Id": "1236",
			"Name": "PREMIUM",
			"EP_Product_Colour__c": "#037042",
			"EP_Short_Name__c": "PRE",
			"EP_Unit_of_Measure__c": "LT"
		},
		"EP_Last_Dip_Reading_Date__c": "2016-04-15T13:03:37.801Z",
		"EP_Tank_Status__c": "Operational",
		"EP_Tank_Missing_Dip_For_Today__c": true
	},
		{
		"Id": "TN-01092",
		"Name": "TANK4",
		"EP_Tank_Code__c": "Tank004",
		"EP_Tank_Alias__c": "TNK04",
		"EP_Capacity__c": 22000,
		"EP_Safe_Fill_Level__c": 22000,
		"EP_Deadstock__c": 642,
		"EP_Last_Dip_Reading__c": 222,
		"EP_Product__r": {
			"Id": "1234",
			"Name": "REGULAR",
			"EP_Product_Colour__c": "#4eb03c",
			"EP_Short_Name__c": "REG",
			"EP_Unit_of_Measure__c": "LT"
		},
		"EP_Last_Dip_Reading_Date__c": "2016-04-15T13:03:37.801Z",
		"EP_Tank_Status__c": "Operational",
		"EP_Tank_Missing_Dip_For_Today__c": true
	},
		{
		"Id": "TN-01093",
		"Name": "TANK5",
		"EP_Tank_Code__c": "Tank005",
		"EP_Tank_Alias__c": "TNK05",
		"EP_Capacity__c": 40000,
		"EP_Safe_Fill_Level__c": 40000,
		"EP_Deadstock__c": 642,
		"EP_Last_Dip_Reading__c": 24586,
		"EP_Product__r": {
			"Id": "1234",
			"Name": "REGULAR",
			"EP_Product_Colour__c": "#4eb03c",
			"EP_Short_Name__c": "REG",
			"EP_Unit_of_Measure__c": "LT"
		},
		"EP_Last_Dip_Reading_Date__c": "2016-04-15T13:03:37.801Z",
		"EP_Tank_Status__c": "Operational",
		"EP_Tank_Missing_Dip_For_Today__c": true
	}
]
